[
        {
            "FlightNum": "IG762",
            "FlightName": "Indigo",
            "Departure": "14:00",
            "ArrivalTime": "16:00",
            "TotalDuration": "2 hours",
            "Price": "3,000",
            "SeatAvailability": "26 seats"
        },
        {
            "FlightNum": "CP142",
            "FlightName": "Cathay Pacific",
            "Departure": "15:00",
            "ArrivalTime": "16:00",
            "TotalDuration": "1 hours",
            "Price": "5,000",
            "SeatAvailability": "5 seats"
        },
        {
            "FlightNum": "MH370",
            "FlightName": "Malaysian",
            "Departure": "11:00",
            "ArrivalTime": "16:00",
            "TotalDuration": "5 hours",
            "Price": "2,000",
            "SeatAvailability": "6 seats"
        } 
]
